text,label,source,page
Андріївка – явка з повинною окупантів: дайджест пропаганди РФ за 15 серпня,1,stopfake,1
У біолабораторіях України проводили досліди з коронавірусом кажанів,1,stopfake,1
Білл Гейтс закликав негайно прибрати з ринку усі вакцини COVID-19,1,stopfake,1
Королеву Єлизавету II лікують від COVID-19 «забороненими» ліками,1,stopfake,1
Вакцини проти COVID-19 збільшили дитячу смертність у 52 рази,1,stopfake,1
Відеофейк: У документі про вакцинацію від COVID-19 вказано код для 5G,1,stopfake,1
Канада скасовує всі пов’язані із COVID-19 обмеження у відповідь на масові протести,1,stopfake,1
"FDA визнали, що вакцина Pfizer проти COVID-19 є небезпечною",1,stopfake,1
У всіх вакцинованих від COVID-19 вагітних стався викидень – приховані дані випробувань Pfizer,1,stopfake,1
Вакцинація під час пандемії провокує мутації заразніших варіантів вірусу,1,stopfake,1
Відеофейк: Смерть дитини після щеплення,1,stopfake,2
Знайдено зв’язок між «мінуванням» шкіл в Україні та вакцинацією підлітків,1,stopfake,2
Вакцини від COVID-19 містять мікрочастинки у вигляді «нановосьмонога»,1,stopfake,2
Штам «Омікрон» переважно інфікує тричі вакцинованих людей – італійська професорка,1,stopfake,2
мРНК-вакцини від COVID-19 завдають непоправної шкоди здоров’ю дітей,1,stopfake,2
Відеофейк: У Китаї підліток помер одразу після третьої дози Sinovac,1,stopfake,2
Фотофейк: У Оттаві два мільйони людей вимагали свободи,1,stopfake,2
Бельгійський біолог розкриває технологію «піару пландемій»,1,stopfake,2
"Колону вантажівок канадських далекобійників, які протестували проти вакцинації, внесли до Книги рекордів Гіннеса",1,stopfake,2
Продуктова картка в Україні буде доступною лише з вакцинацією та реєстрацією у «Дії»,1,stopfake,2
Міжнародний суд у Гаазі визнав пандемію COVID-19 геноцидом і фейком,1,stopfake,3
"Десятки тисяч громадян ЄС померли через побічні ефекти вакцини, – депутат Європарламенту Колакушич",1,stopfake,3
Поствакцинальний детокс після щеплення від COVID-19,1,stopfake,3
Пігулки з мікрочипом для контролю над населенням – зізнання генерального директора Pfizer,1,stopfake,3
"Велика кількість невакцинованих у лікарнях – обман, – відео з клініки в Італії",1,stopfake,3
96% випадків заражень «Омікроном» у Німеччині припадають на повністю вакцинованих,1,stopfake,3
"В Україні школи, дитсадки та ЗВО переходять на дистанційне навчання з 31 січня",1,stopfake,3
Мобільні телефони змінюють організм на клітинному рівні,1,stopfake,3
В ООН визнали підготовку до нової «штучної» пандемії,1,stopfake,3
Бустерна доза вакцини проти COVID-19 посилює ріст ракових клітин,1,stopfake,3
"У крові вакцинованих від COVID-19 можна виявити графен, уламки металу та гельмінтів",1,stopfake,4
AstraZeneca і «Спутник Лайт» – це однакові вакцини,1,stopfake,4
У Канаді розглядають позов проти ВООЗ та Давоса щодо злочинів проти людяності,1,stopfake,4
В Україні запроваджують черговий локдаун на три тижні,1,stopfake,4
"Літаки розпорошують із повітря «бацилу-реактив «омікрон»», – фотодоказ",1,stopfake,4
"Білл Гейтс особисто зізнався, що вакцини змінюють ДНК людини",1,stopfake,4
"У Вашингтоні створено «ковід-табори», затримують цілі сім’ї",1,stopfake,4
"Фейки Соловйова і М’ясникова про коронавірус: при «омікроні» смертність не зростає, але кожних три",1,stopfake,4
Захворюваність серед повністю вакцинованих людей «пришвидшується» з кожним тижнем – документ,1,stopfake,4
"Вчені у Швеції довели, що вакцини від COVID-19 виснажують імунну систему",1,stopfake,4
Австралійський політик Марк Макговен інсценував вакцинацію від COVID-19,1,stopfake,5
Лабораторії в США не можуть знайти COVID-19 у жодному із 1500 позитивних тестів,1,stopfake,5
В усьому світі зростає кількість авіакатастроф через вакцинованих пілотів,1,stopfake,5
Ротшильди запатентували метод тестування на COVID-19 за чотири роки до пандемії,1,stopfake,5
Відеофейк: ПЛР-тести є радіоактивними,1,stopfake,5
"Очільник ВООЗ заявив, що вакцини проти COVID-19 «використовують для вбивства дітей»",1,stopfake,5
Одна з побічних реакцій на вакцини від COVID-19 – повна сліпота,1,stopfake,5
"Насувається «невиліковна» епідемія, «гірша за COVID-19»",1,stopfake,5
Аргентинський футболіст Серхіо Агуеро завершує кар’єру через наслідки вакцинації,1,stopfake,5
"Українці, які отримали тисячу гривень за вакцинацію, мають подати декларацію про доходи",1,stopfake,5
Відеофейк: У Німеччині фермери протестують проти паспортів вакцинації та уряду,1,stopfake,6
Щеплення від COVID-19 шкодять імунній системі – дослідження,1,stopfake,6
Співачку Селін Діон паралізувало внаслідок вакцинації від COVID-19,1,stopfake,6
«Омікрон» вражає переважно вакцинованих людей,1,stopfake,6
У Франції поліція тікає від протестувальників проти карантинних обмежень,1,stopfake,6
Медичний журнал «Ланцет» розгромив злочинну політику примусу до вакцинації,1,stopfake,6
У супермаркетах Німеччини щеплених і не щеплених розділяють металевою огорожею,1,stopfake,6
У Сербії тисячі людей протестували проти «вигаданої» пандемії та вакцин,1,stopfake,6
Очільниця Єврокомісії закликає скасувати Нюрнберзький кодекс,1,stopfake,6
"Людям, які перехворіли на COVID-19, не потрібно вакцинуватися",1,stopfake,6
Фейки американського сенатора Рона Джонсона про «примусову» вакцинацію від COVID-19,1,stopfake,7
Неймовірна конспірологія: чим схожі теорії змов про Covid-19,1,stopfake,7
«Всесвітній уряд» підготував «таємну» пандемічну угоду та нові епідемії,1,stopfake,7
Пандемія і фейки. Як Росія і Китай поширюють дезінформацію про коронавірус – дослідження,1,stopfake,7
Білл Гейтс стоїть за появою штаму «Омікрон» в Африці,1,stopfake,7
Відомий лікар попередив про загрозу штаму «Омікрон» для українців,1,stopfake,7
"2,5 мільйона жертв після вакцинації від COVID-19 – статистика ВООЗ",1,stopfake,7
План пандемії коронавірусу було заявлено ще на відкритті Олімпіади 1992 року,1,stopfake,7
У Татарстані з’ясували природу COVID-19,1,stopfake,7
"Кожен орган тіла померлої людини був заражений білковими шипами «завдяки вакцині», — дослідження",1,stopfake,7
"Молодші за 60 років вакциновані англійці помирають вдвічі частіше, ніж невакциновані",1,stopfake,8
"Розхвалені «Вестями недели» «нові вітчизняні ліки» від COVID-19 є давно відомими, неефективними та токсичними",1,stopfake,8
Корінних австралійців примусово вакцинують від COVID-19,1,stopfake,8
"Існують люди, які «не підчеплять COVID-19» навіть при контакті з хворими",1,stopfake,8
"У чоловіків, яких вакцинували від COVID-19, виявили мертві сперматозоїди",1,stopfake,8
"Медсестра зі Словенії викрила змову, що стоїть за вакцинацією від COVID-19",1,stopfake,8
Вакцинація від COVID-19 підвищує ризик внутрішньоутробної смерті плода,1,stopfake,8
Понад 75 спортсменів раптово померли або серйозно захворіли після вакцинації,1,stopfake,8
"В Італії штурмували торговий центр, який вимагає від людей COVID-сертифікати",1,stopfake,8
Білл Гейтс визнав неефективність вакцин проти COVID-19,1,stopfake,8
У Швеції 87% померлих від COVID – повністю вакциновані,1,stopfake,9
У Німеччині лікар наклав на себе руки через «брехню про вакцинацію»,1,stopfake,9
Японія відмовляється від вакцинації проти COVID-19 і переходить на івермектин,1,stopfake,9
"Вакциновані можуть передавати вірус через шкіру та викликати викидні, – Pfizer",1,stopfake,9
"Епідемії COVID-19 немає, – підтвердили в МОЗ",1,stopfake,9
В Україні стане обов’язковою вакцинація проти COVID-19 для дітей 5-12 років,1,stopfake,9
Спайк-білок у вакцині від COVID-19 викликає низку захворювань,1,stopfake,9
Пандемію використовують для впровадження генно-клітинної терапії – президент Bayer,1,stopfake,9
Відеофейк: Австрія марширує проти ізоляції для невакцинованих,1,stopfake,9
Вакцинація проти COVID-19 – експериментальна генна терапія,1,stopfake,9
В Україні запроваджують комендантську годину через спалах COVID-19,1,stopfake,10
У тілах вакцинованих від COVID-19 виявили наночипи,1,stopfake,10
Європарламент виступив проти COVID-сертифікатів,1,stopfake,10
В Україні протоколи лікування COVID-19 – злочинні,1,stopfake,10
В Одесі почали «мітити» квартири з невакцинованими,1,stopfake,10
Заяви доктора Райана Коула про шкоду вакцинації проти COVID-19,1,stopfake,10
QR-код на COVID-сертифікатах перетворює людину на товар,1,stopfake,10
У Норвегії смертність від COVID-19 знизилася після скасування карантинних обмежень,1,stopfake,10
В Україні запроваджують обов’язкові браслети з мітками для вакцинованих,1,stopfake,10
У вакцини Johnson & Johnson виявлено новий побічний ефект,1,stopfake,10
Італійські стюардеси відмовляються від вакцинації проти COVID-19,1,stopfake,11
"Гендиректора Pfizer заарештовано, акції фармкомпаній обвалилися",1,stopfake,11
У Хорватії заборонили вакцинацію від COVID-19,1,stopfake,11
COVID-19 настає внаслідок отруєння фосгеном,1,stopfake,11
"Набутий імунітет – краще, ніж вакцинація від COVID-19",1,stopfake,11
У США 90% госпіталізованих пацієнтів із COVID-19 повністю вакциновані,1,stopfake,11
Про що російська пропаганда бреше жителям Німеччини,1,stopfake,11
Чи вакцинувався б Ісус? Пропаганда російської церкви підігріває антивакцинаторські настрої. Але не в Росії,1,stopfake,11
"Роздвоєння публічності. Як RT транслює фейки про щеплення на західну аудиторію, а на російську",1,stopfake,11
В Уельсі більшість госпіталізованих із COVID-19 – щеплені,1,stopfake,11
В Україні впроваджують штрафи для невакцинованих,1,stopfake,12
У Південній Африці 13 дітей померло від вакцини проти COVID-19,1,stopfake,12
"Фаучі заявив, що люди не мають права на власне рішення щодо вакцинації",1,stopfake,12
В українських школах скасували карантин із 3 листопада,1,stopfake,12
В Італії протестувальники проти вакцинації заблокували порт,1,stopfake,12
У Броварах просто під пунктом вакцинації помер чоловік,1,stopfake,12
У США будують концтабори для невакцинованих – все офіційно,1,stopfake,12
У Великій Британії більшість смертей від COVID-19 – серед вакцинованих,1,stopfake,12
В Україні примусово робитимуть щеплення від COVID-19 дітям у дитбудинках,1,stopfake,12
Очільник ВООЗ заявив про нездатність вакцин зупинити пандемію коронавірусу,1,stopfake,12
Мета вакцинації – викликати колективний СНІД,1,stopfake,13
"Дані Університету Гопкінса доводять, що вакцинація посилила пандемію COVID-19",1,stopfake,13
Вакцинація проти COVID-19 викликає хворобу Паркінсона,1,stopfake,13
"На Тайвані від вакцинації померло більше людей, ніж від COVID-19",1,stopfake,13
Лікування від COVID-19 навмисно не розробляють,1,stopfake,13
У Львові заборонили ходити до продуктових магазинів без COVID-сертифіката,1,stopfake,13
"Немає сенсу в тому, що з різними хворобами можна їсти в ресторанах, а",1,stopfake,13
МОЗи усіх країн світу переходять під управління ВООЗ,1,stopfake,13
В Україні терміново впроваджують локдаун,1,stopfake,13
"Ймовірність смерті дітей від вакцини втричі вища, ніж від COVID-19",1,stopfake,13
Серед вакцинованих від COVID-19 – масові випадки раку,1,stopfake,14
"Іспанія офіційно визнала, що скидала «хімтрейли» з літаків",1,stopfake,14
В Україні встановлять камери для контролю за невакцинованими,1,stopfake,14
мРНК-вакцини від COVID-19 викликають мутації у новонароджених,1,stopfake,14
Більшість госпіталізованих із СOVID-19 в Україні – вакциновані,1,stopfake,14
У Києві спецтехніка розпорошує отруту,1,stopfake,14
Кабмін заборонив подорожувати регіонами України,1,stopfake,14
"Землетрус знищив церкву на Криті, де було облаштовано центр вакцинації",1,stopfake,14
У Німеччині в результаті вакцинації померло 1254 людини,1,stopfake,14
"Винайшли 3D чип-пластир, який імплантують в організм вакцинованих",1,stopfake,14
«Чистий мозок» — дайджест спростувань медичних міфів №3,1,stopfake,15
Відеофейк: Смартфон зчитує штрих-код на місці уколу вакциною,1,stopfake,15
«Завтра» 8 областей України закриваються на локдаун,1,stopfake,15
МЗС Росії назвало закриття німецьких YouTube-каналів RT «планом “Інфобарбаросса”». За що їх насправді закрили,1,stopfake,15
Ігор Яковенко: Новий Мюнхен і проблеми санітарії,1,stopfake,15
Президент Зеленський дозволив зняти маски,1,stopfake,15
"Кров під мікроскопом засвідчує, що щеплення робить усіх хворими",1,stopfake,15
Деякі напої можуть спровокувати позитивний результат на Covid-19,1,stopfake,15
Біохімік Янг виявив у вакцинах проти COVID-19 паразитів,1,stopfake,15
Побічні ефекти вакцин від COVID-19 у десятки разів перевищують такі ефекти від вакцин,1,stopfake,15
Тестування вакцин на безпеку не відповідає науковому стандарту,1,stopfake,16
CDC змінив визначення слова «вакцина» і підтвердив її неефективність,1,stopfake,16
Батьки з Чернігова відстояли право вчителів ходити на роботу «без уколів»,1,stopfake,16
Користувачі iPhone 13 мусять підтвердити статус вакцинації перед розблокуванням телефону,1,stopfake,16
Виявлено новий побічний ефект вакцин Pfizer і Moderna – вражає молодих,1,stopfake,16
"В Україні з 25 вересня запровадили локдаун, низка регіонів потрапила в «червону зону»",1,stopfake,16
У Румунії закрили всі центри вакцинації,1,stopfake,16
Ковід-сертифікати в Україні запроваджують для сегрегації населення,1,stopfake,16
У Великобританії не впроваджуватимуть паспорти вакцинації від COVID-19,1,stopfake,16
Інфодемія: як Кремль сприяє поширенню COVID-19 в Україні,1,stopfake,16
«Чистий мозок» — дайджест спростувань медичних міфів №1,1,stopfake,17
Протести проти «коронабісся» в Бразилії,1,stopfake,17
"Потрібно ізолювати вакцинованих людей, інакше вони можуть серйозно захворіти",1,stopfake,17
Пол Маккартні вакцинувався від коронавірусу «Cпутником V»,1,stopfake,17
«Армія ботів» на замовлення РФ намагалася зірвати кампанію вакцинації – СБУ,1,stopfake,17
Фотофейк: У Румунії 5 мільйонів людей вийшли на протест проти «шахрайства ковіду»,1,stopfake,17
В Україні з літаків скидають штам «Дельта»,1,stopfake,17
Вчені з усього світу виступають за досягнення колективного імунітету від COVID-19 природним шляхом,1,stopfake,17
"У МОЗ назвали міста, де студенти і школярі перейдуть на дистанційне навчання",1,stopfake,17
Часникова вода є природною вакциною від коронавірусу,1,stopfake,17
В Україні епідемія інсультів через захисні маски і вакцинацію від COVID-19,1,stopfake,18
В Афганістані з приходом Талібану зник COVID-19,1,stopfake,18
Австралійський політик отримав параліч Белла внаслідок вакцинації від COVID-19,1,stopfake,18
Польща продасть Україні прострочену вакцину від COVID-19,1,stopfake,18
В Австралії силою вакцинують тисячі дітей без згоди батьків,1,stopfake,18
Інформацію на генетичному рівні можна передавати на величезні відстані,1,stopfake,18
"Данія скасувала вакцинацію і зняла обмеження, пов’язані з коронавірусом",1,stopfake,18
Від коронавірусу помер найстаріший житель Аргентини – 131-річний рабин,1,stopfake,18
Вакцинація та протиепідемічні заходи не приносять користі – в «республіканських» штатах США немає,1,stopfake,18
В Україні школи і виші закриють на карантин з 1 вересня,1,stopfake,18
"Відмова від вакцини небезпечна тільки для того, хто відмовився",1,stopfake,19
У Львові розпочали «утилізацію» дітей із малозабезпечених сімей,1,stopfake,19
Білок «Магнето» у вакцинах від COVID-19 здатний контролювати поведінку людини,1,stopfake,19
Вакцина Pfizer ослаблює імунну систему в 5-6 разів,1,stopfake,19
Вакцини від COVID-19 сприяють поширенню і розмноженню вірусу,1,stopfake,19
У США протягом 3 днів померло 45 тисяч осіб після вакцинації від COVID-19,1,stopfake,19
В Україні запровадять черговий локдаун із 16 серпня,1,stopfake,19
Нещеплених українців позбавлять громадянства,1,stopfake,19
План штамів COVID-19 розписаний до 2023 року,1,stopfake,19
"Тестовим тампоном можна виявити тільки бактерію, але не вірус",1,stopfake,19
"Фото журналістів і лікарів, повішених за обман та медичні експерименти у Нюрнберзі",1,stopfake,20
Немає жодної різниці між щепленими і нещепленими від COVID-19,1,stopfake,20
«Китайський патент» підтверджує наявність оксиду графену в вакцинах від COVID-19 – колишня співробітниця,1,stopfake,20
Зі 127 вакцинованих жінок народити живу дитину вдалося лише 12-ти,1,stopfake,20
У Лондоні близько 2 мільйонів людей вийшли на мітинг проти «брехливої пандемії»,1,stopfake,20
Вакцина AstraZeneca проти COVID-19 була створена в 2018 році,1,stopfake,20
Металевий пил під впливом хвиль 5G провокує COVID-19,1,stopfake,20
"Лідери країн були вбиті через те, що заперечували небезпеку COVID-19",1,stopfake,20
"МОЗ України не міг виділити штам «Дельта», тому що COVID-19 – вигаданий",1,stopfake,20
В Україні запроваджують карантин для невакцинованих громадян,1,stopfake,20
База даних VAERS відображає лише 1% реакцій на вакцину,1,stopfake,21
Рада Європи планує нову пандемію,1,stopfake,21
CDC змінив критерії виявлення COVID-19 у вакцинованих людей,1,stopfake,21
Нових випадків COVID-19 найбільше в країнах-лідерах із вакцинації,1,stopfake,21
Дослідження електромагнетизму вакцинованих від COVID-19,1,stopfake,21
"У нідерландському місті Урк, де лише 2% мешканців вакциновані, немає ні хворих",1,stopfake,21
Клаус Шваб «проговорився» про підготовку кібератаки на людство,1,stopfake,21
ООН в 1997 році заборонила вакцинацію,1,stopfake,21
Компанії Moderna та Johnson & Johnson приховують склад вакцин від COVID-19,1,stopfake,21
"Ізраїль визнав, що вакцина Pfizer не діє проти коронавірусу",1,stopfake,21
"62% людей, вакцинованих від COVID-19, мають незворотні ураження серця",1,stopfake,22
"Уряд Індії заявив, що «індійський штам коронавірусу» вигадали",1,stopfake,22
У Франції поліція аплодує демонстрантам проти «примусової вакцинації»,1,stopfake,22
Слова Жака Атталі про щеплення і пандемію як спосіб очищення суспільства,1,stopfake,22
Фото з протесту в Франції проти «фармфашизму і ВООЗ»,1,stopfake,22
"Іранські військові збили рейс PS752, щоб запобігти вивезенню коронавірусу і вакцини від COVID-19",1,stopfake,22
Відеофейк: Вакцинована блогерка померла у прямому ефірі кулінарного шоу,1,stopfake,22
Оксид графену входить до складу вакцини від COVID-19,1,stopfake,22
Жодна дитина не померла від COVID-19,1,stopfake,22
На борту британського авіаносця стався спалах коронавірусу – вакцина не допомагає,1,stopfake,22
"Вакцинація неефективна і небезпечна, а пандемія COVID-19 спланована Світовим банком – інтерв’ю Стахова",1,stopfake,23
Тіло державної ваги. Чому в Росії вибухнув вакцинний бунт,1,stopfake,23
Творець вакцини Pfizer не зміг приїхати в Ізраїль через відсутність щеплення від COVID-19,1,stopfake,23
"У дітей ймовірність померти від вакцини проти COVID-19 у 50 разів вища, ніж",1,stopfake,23
"У центрі Львова спецтехніка розпорошує речовину, через яку хворіють люди",1,stopfake,23
У Швейцарії продають гомеопатію для виведення з організму вакцин від COVID-19,1,stopfake,23
У мережі з’явився «сценарій» майбутньої пандемії на 2025-2028 рр,1,stopfake,23
"Вакцина від COVID-19 небезпечна і неефективна, оскільки не захищає від штаму Delta",1,stopfake,23
"Дані VigiAccess доводять, що тисячі людей померли через вакцину від COVID-19",1,stopfake,23
"Трьом смертям, яким запобігає вакцинація, відповідають дві смерті від неї",1,stopfake,23
В Україні тепер знищують інфекційні лікарні,1,stopfake,24
"Штам «Дельта» Україні не загрожує, РНБО нагнітає паніку",1,stopfake,24
Чотири пілоти British Airways загинули через вакцинацію проти COVID-19,1,stopfake,24
масковий режим запровадили назавжди,1,stopfake,24
Вакцинація від COVID-19 є причиною виникнення нових штамів вірусу,1,stopfake,24
Усі вакцини від COVID-19 викликають тромбоз і є небезпечними для здоров’я,1,stopfake,24
"Люди, щеплені від COVID-19, не можуть літати на літаках через ризик тромбозу",1,stopfake,24
Головний санлікар України «спланував» хвилю COVID-19 на осінь і назвав хворобу «звичайною ГРВІ»,1,stopfake,24
Вакцинація від COVID-19 ускладнює перебіг коронавірусної хвороби,1,stopfake,24
"У Словенії більше немає хворих на COVID-19: там скасували маски, карантин і вакцинацію",1,stopfake,24
"Небезпеку COVID-19 дуже перебільшують, люди вмирають «просто від страху»",1,stopfake,25
"Німецький біолог виграв судову справу про те, що вірусу кору не існує",1,stopfake,25
У Техасі запровадили штраф у $ 1000 за носіння масок,1,stopfake,25
Під час пандемії COVID-19 замість людей «ховають» ящики від бананів,1,stopfake,25
Країни G7 виступили за примусову вакцинацію і проти ЗСЖ,1,stopfake,25
В Ізраїлі реєструють на 483% більше викиднів після вакцинації від COVID-19,1,stopfake,25
"Французький центр оцінки ліків заявив, що всі партії вакцин від COVID-19 повинні бути",1,stopfake,25
Данський футболіст Еріксен знепритомнів під час матчу через вакцину від COVID-19,1,stopfake,25
Червоний Хрест заборонив вакцинованим бути донорами крові,1,stopfake,25
Вакцина проти COVID-19 масово викликає міокардит у молоді,1,stopfake,25
Фейк програми «Время»: пандемія могла розпочатися через витік вірусу з американської військової лабораторії,1,stopfake,26
"спайковий білок, який «міститься у вакцинах», токсичний і здатний накопичуватися в тканинах людини",1,stopfake,26
Вакцинація від коронавірусу загрожує безпліддям і небезпечна для дітей,1,stopfake,26
Відсутність вакцинації від COVID-19 у дітей «набагато корисніша»,1,stopfake,26
РНК-вакцини викликають пріонні захворювання,1,stopfake,26
Відеофейк: Вакцина від COVID-19 магнітиться,1,stopfake,26
В 1950-і роки вже знали про пандемію COVID-19,1,stopfake,26
Вакцини від COVID-19 містять отруйну речовину «SM-102»,1,stopfake,26
Швеція визнала ПЛР-тести непридатними для виявлення інфекцій,1,stopfake,26
"Повторну вакцинацію від COVID-19 проводитимуть, оскільки потрібно кудись подіти залишкові дози",1,stopfake,26
У дітей виявлено великі проблеми з серцем після вакцинації від COVID-19,1,stopfake,27
Маски і уколи – це «природний відбір»,1,stopfake,27
Кількість жертв вакцинації в США наближається до 4 тисяч,1,stopfake,27
"Вакцинний суд США фальсифікує докази, зв’язок вакцинації й аутизму доведено",1,stopfake,27
"Помер перший у світі вакцинований від COVID-19 чоловік, – «вакцина допомагає»",1,stopfake,27
Пов’язане з Росією PR-агентство пропонувало європейським блогерам «очорнювати» Pfizer,1,stopfake,27
"Нобелівський лауреат Люк Монтаньє заявив, що всі вакциновані помруть протягом 2-х років",1,stopfake,27
У Швеції масово хворіють вакциновані від COVID-19,1,stopfake,27
У США після вакцинації Pfizer помер 15-річний підліток,1,stopfake,27
Виробники вакцин від COVID-19 можуть володіти вашими генами,1,stopfake,27
Вакцинація від COVID-19 за 4 місяці вбила понад 10 000 європейців,1,stopfake,28
Ефективність вакцин від COVID-19 становить близько 1%,1,stopfake,28
Вакцинація від COVID-19 особливо небезпечна в період статевого дозрівання,1,stopfake,28
Фотофейк: Майк Тайсон назвав пандемію «пландемією» і виступив проти вакцинації,1,stopfake,28
Відеофейк: Магніт притягається до місця введення вакцини від COVID-19,1,stopfake,28
У Нью-Йорку створюють «концтабори» для хворих на COVID-19,1,stopfake,28
Двоє немовлят померли після експериментальних щеплень від COVID-19 під час клінічних випробувань,1,stopfake,28
Вакциновані люди «виділяють» спайкові білки коронавірусу та інфікують оточення,1,stopfake,28
Мухи здатні поширювати COVID-19,1,stopfake,28
Спалах COVID-19 в Індії є «повним ошуканством»,1,stopfake,28
Апарати ШВЛ – це штучна смерть,1,stopfake,29
Японія заборонила здавати кров щепленим від COVID-19,1,stopfake,29
Українці масово звертаються за медичною допомогою після вакцинації від COVID-19,1,stopfake,29
"На грип захворіло більше українців, ніж на COVID-19",1,stopfake,29
У Великій Британії кількість викиднів збільшилася на 366% через вакцинацію проти COVID-19,1,stopfake,29
Вакцинні паспорти вводять для управління і контролю над людьми,1,stopfake,29
"60% усіх нових випадків захворювання COVID-19 – у людей, які були вакциновані",1,stopfake,29
В Україні скасували масковий режим,1,stopfake,29
Після вакцини від COVID-19 людина стає носієм інфекції,1,stopfake,29
Вакцина Pfizer викликає «довгострокові неврологічні порушення»,1,stopfake,29
ПЛР-тести – це наноантени для підключення до мережі 5G,1,stopfake,30
"У Великій Британії від побічних ефектів вакцини Pfizer померло більше людей, ніж від",1,stopfake,30
"У Швейцарії немає COVID-19, тому що там знаходиться ВООЗ",1,stopfake,30
"Антисептики калічать і вбивають, як і маски, локдауни та інші «божевільні вказівки»",1,stopfake,30
"Карантин не працює, а безсимптомні носії не передають коронавірус – фейки доктора Майка",1,stopfake,30
"Вчені зі Стенфордського університету довели, що маски при COVID-19 не дають користі",1,stopfake,30
Дворічна дитина померла після вакцини Pfizer – про це повідомляє VAERS,1,stopfake,30
ЄС знав про пандемію і заздалегідь готував паспорти вакцинації,1,stopfake,30
"Ті, хто відмовляються вакцинуватися, можуть бути щеплені за допомогою ПЛР-тесту",1,stopfake,30
"Пентагон створив чип під шкіру, який видаляє COVID-19 з крові",1,stopfake,30
"Південноафриканський штам COVID-19 поширюється серед вакцинованих у 8 разів швидше, ніж серед невакцинованих",1,stopfake,31
"Тести на COVID-19 містять в собі оксиран, який викликає рак",1,stopfake,31
ВООЗ не рекомендує носити маски,1,stopfake,31
В Ізраїлі вакцина від Pfizer «вбила» у 40 разів більше людей похилого віку,1,stopfake,31
"COVID-19 не виявлений у пробах, лабораторії США подали до суду на CDC",1,stopfake,31
Кремлівські ЗМІ хвалять темпи вакцинації в Росії і критикують Європу. Але у всіх країнах,1,stopfake,31
Комарі передають коронавірус,1,stopfake,31
Замість життєво необхідних ліків в Україні будуть закуповуватися «сумнівні ін’єкції»,1,stopfake,31
У складі вакцин від COVID-19 містяться смертельно небезпечні інгредієнти,1,stopfake,31
В Україні офіційно скасували Великдень і травневі свята,1,stopfake,31
"Усі, хто отримає мРНК-вакцину від COVID-19, помруть протягом 5 років",1,stopfake,32
Головна інфекціоністка Вінниччини відмовилася вакцинуватися від COVID-19,1,stopfake,32
"Відеофейк: До людей, які вакцинувалися, можна «підключитися» за допомогою вбудованого чипа",1,stopfake,32
Pfizer підписав угоду з Microsoft щодо інтеграції процесорного чипа у вакцину,1,stopfake,32
Коронавірус можна знищити дихальними вправами,1,stopfake,32
Відомий американський доктор Стів Хотзе про «експериментальну генну терапію»,1,stopfake,32
"Вакцини – це зброя масового ураження, вони «вимикають імунітет» людини",1,stopfake,32
Запаморочення від дезінформації – прокремлівські ЗМІ про програми вакцинації в Росії та сусідніх із,1,stopfake,32
COVID-19 виникає при вдиханні хімічних отрут,1,stopfake,32
Відеофейк: У вакцині від Pfizer під мікроскопом знайшли наночіпи,1,stopfake,32
Ще більше людей помиратимуть від вакцинації – МОЗ України,1,stopfake,33
Хвилі брехні і пандемія. COVID-19 як об’єкт дезінформації,1,stopfake,33
В Австрії не можна купити продукти без негативного ПЛР-тесту на COVID-19,1,stopfake,33
Фотофейк: У Бразилії мертвих «носять на одній руці» – пандемію інсценують,1,stopfake,33
ПЛР-тести на COVID-19 можуть бути заражені пріонами,1,stopfake,33
Прем’єр-міністр Баварії мінімум сім разів вакцинувався від COVID-19,1,stopfake,33
У масках і тестах на COVID-19 містяться «моргелони»,1,stopfake,33
"Путін заявив, що його приятель помер від COVID-19, тому що в ризькому інфекційному центрі",1,stopfake,33
У центрі німецького міста Лейпцига можуть перебувати тільки вакциновані люди в масках,1,stopfake,33
Під прикриттям пандемії COVID-19 уряд України «заганяє» громадян у застосунок «Дія»,1,stopfake,34
Вакцина від коронавірусу не здатна зменшити смертність від COVID-19,1,stopfake,34
"Президента Танзанії вбили, тому що він до кінця не вірив у «короністерію»",1,stopfake,34
"У вакцинах від COVID-19 містяться важкі метали, які працюють за принципом чипів",1,stopfake,34
Українців почали таємно щеплювати російською вакциною,1,stopfake,34
"Вакцина від COVID-19 перетворить людину на ГМО і «ходячий мобільник», – фейки",1,stopfake,34
Розробник вакцини від COVID-19 проговорився про стерилізацію населення,1,stopfake,34
Лікарні в Україні «необґрунтовано» зайняті пацієнтами із COVID-19,1,stopfake,34
В Україні виявили не відомий світу агресивний штам COVID-19,1,stopfake,34
Вакцина від AstraZeneca (Covishield) містить у своєму складі вірус шимпанзе і абортовані людські,1,stopfake,34
Відео з вакцинацією від COVID-19 – підроблені,1,stopfake,35
"«Несподівані смерті» людей, що заперечували COVID-19",1,stopfake,35
СDC змінив свою позицію щодо зв’язку вакцин і аутизму під тиском антивакцинаторів,1,stopfake,35
У Черкаській області після вакцинації від COVID-19 померли 107 людей,1,stopfake,35
ПЛР-тести видали вірус грипу за COVID-19 – дослідження,1,stopfake,35
Урядам вигідна масова «ковідна істерія»,1,stopfake,35
Після вакцини від COVID-19 помре 30% населення Землі,1,stopfake,35
Вакцина Oxford / AstraZeneca (Covishield) здатна модифікувати ДНК людини,1,stopfake,35
«Росія застосовує старі трюки»: що відомо про «коронавірусну дезінформацію» Кремля,1,stopfake,35
Відео вакцинації Зеленського від COVID-19 – постановочне,1,stopfake,35
Створено «квантові імпланти» для стеження за людством,1,stopfake,36
Дикі кабани перебігають дорогу в Києві,1,stopfake,36
"МОЗ Австралії визначив, що COVID-19 «не існує»",1,stopfake,36
"«Мої близькі вважають, що Білл Гейтс чипує людство». Що робити?",1,stopfake,36
В Україні побудували «Аушвіц» для «утилізації вакцинованих»,1,stopfake,36
Ангела Меркель відмовилася робити щеплення від COVID-19 вакциною від AstraZeneca,1,stopfake,36
Індійською вакциною масово стерилізували кенійських жінок – тепер черга України,1,stopfake,36
В Україні знову ввели локдаун,1,stopfake,36
"Covishield розвозять по Україні у звичайних фургонах, без холодильника",1,stopfake,36
"Пєсков «забув», яку допомогу США надавали Росії в боротьбі з COVID-19",1,stopfake,37
Кожних 20 днів кількість смертей після вакцинації в США подвоюється,1,stopfake,37
Семеро українців втратили здоров’я після вакцинації проти COVID-19,1,stopfake,37
Наслідки мРНК-вакцинації буде неможливо вилікувати – вона змінює генетичний код людини,1,stopfake,37
Двоє військових померли після вакцинації на Сході України,1,stopfake,37
Фотофейк: Перша жертва вакцинації в Чернігові,1,stopfake,37
Заборонений фільм Роберта Де Ніро про шкоду вакцинації,1,stopfake,37
Під владою ретроградного Меркурія,1,stopfake,37
"В Україні робитимуть щеплення «шмурдяком», у якого ще не закінчені дослідження",1,stopfake,37
У США вакцину Pfizer оцінили як «експериментальну»,1,stopfake,37
В Україні готуються провокації в рамках клінічних випробувань вакцини від COVID-19,1,stopfake,38
У Литві влаштували автопробіг проти коронавірусних обмежень,1,stopfake,38
У Польщі лікар помер після вакцини проти COVID-19,1,stopfake,38
"Папа Римський Франциск заявив, що «невакцинованих до раю не пустять»",1,stopfake,38
"Лікар Роберто Петрелла про COVID-19, ВПЛ і рак грудей",1,stopfake,38
У Чехії призупинили вакцинацію від COVID-19 після 5 летальних випадків,1,stopfake,38
"Дані CDC свідчать, що 70% смертей від вакцин у США припадає на вакцини",1,stopfake,38
Весь світ відмовляється робити щеплення від COVID-19,1,stopfake,38
ВООЗ визнала неефективність вакцин від СOVID-19,1,stopfake,38
У Японії заборонили вакцинацію проти кору,1,stopfake,39
"Україні загрожує новий голодомор, який намічено на літо 2021 року",1,stopfake,39
У Словаччині 36 людей померли після вакцини від коронавірусу,1,stopfake,39
"Від COVID-19 помирають в лікарні, вдома від нього ще ніхто не помер",1,stopfake,39
"Віктор Ляшко не виключає, що літні українці можуть померти після вакцинації",1,stopfake,39
Вакцинація від COVID-19 призвела до підвищення смертності в будинках для людей похилого віку,1,stopfake,39
"Російські ЗМІ повідомили, що The Washington Post відзначила успіх «Супутника V». Але основний зміст",1,stopfake,39
Для створення вакцин і клітинної лінії НЕК-293 вбивають сотні дітей,1,stopfake,39
Ентоні Фаучі заплутався у власній брехні про носіння «подвійних масок»,1,stopfake,39
Боротьба за плечі – яку вакцину колоти?,1,stopfake,39
Швейцарія повністю відмовилася від вакцини AstraZeneca,1,stopfake,40
"Статистика смертності в Німеччині та Швеції за 2020 рік показала, що пандемії немає",1,stopfake,40
Замість Білла Гейтса вакцинували підставну особу,1,stopfake,40
Пандемія COVID-19 – це частина плану Меморандуму 200 з примусової стерилізації населення,1,stopfake,40
"Фотофейк: В Ізраїлі тим, хто пройшов вакцинацію, видають картки «з овечкою»",1,stopfake,40
Після початку вакцинації в Гібралтарі різко зросла смертність,1,stopfake,40
Через «вигаданий локдаун» помре 265 мільйонів людей,1,stopfake,40
"За допомогою законопроекту №4613 українцям колотимуть вакцини від COVID-19, які не пройшли всіх",1,stopfake,40
"Дослідження в Німеччині показало, що маска шкодить дітям",1,stopfake,40
"В українській лабораторії штаму SARS-CoV-2 немає, пандемії COVID-19 не існує",1,stopfake,40
Компанії Pfizer і Bayer надавали вакцини та ліки для експериментів у нацистських концтаборах,1,stopfake,41
Говорити напівправду – теж брехати,1,stopfake,41
Австралійському прем’єру зробили фальшивий укол від COVID-19,1,stopfake,41
В Канаді поліцейські побили чоловіка за порушення карантину,1,stopfake,41
"У США визнали, що вакцинація від COVID-19 викликає параліч лицьового нерва",1,stopfake,41
У ЄС припиняють застосовувати вакцину Pfizer через велику кількість смертей,1,stopfake,41
В Ізраїлі імітують вакцинацію від COVID-19 зі шприцами без голок,1,stopfake,41
В Україні продовжили «тотальний локдаун»,1,stopfake,41
РНК-вакцини заборонили з етичних міркувань,1,stopfake,41
COVID-19 – це просто черговий штам грипу,1,stopfake,41
Лауреат Нобелівської премії «викрив коронабісся»,1,stopfake,42
Локдаун в Україні скасували раніше встановленого терміну,1,stopfake,42
У Німеччині лікарі закликають відмовлятися від вакцинації,1,stopfake,42
"Компанія «Moderna» зізналася, що не вакцинує, а чипує людей",1,stopfake,42
"COVID-19 «спровокований важкими металами», які «іскрять в організмі» під впливом 5G",1,stopfake,42
"Вакцина від Moderna містить таємничий компонент «люциферин», розчинений у 66,6 мл буферного розчину",1,stopfake,42
У Франції з’явився «план блокувань» населення на 2021 рік,1,stopfake,42
"В Ірландії визнали, що COVID-19 не існує",1,stopfake,42
Імунітет від правди. Ксенія Кириллова – про «дике задзеркалля»,1,stopfake,42
У Латвії зробили щеплення від COVID-19 «мимо плеча»,1,stopfake,42
"Вакцина від COVID-19 має у складі фрагменти ВІЛ, ДНК малярії та наночастинки 5G",1,stopfake,43
"Аваков заявив, що в Києві зупинять громадський транспорт",1,stopfake,43
"Ігор Яковенко: Вперед, назустріч Новому року!",1,stopfake,43
Топ-10 фейків про COVID-19 у 2020 році,1,stopfake,43
Вакцина від COVID-19 спричиняє смерть,1,stopfake,43
"FDA оприлюднило список серйозних захворювань, які можуть виникнути внаслідок вакцинації від COVID-19",1,stopfake,43
Фальшивий шприц на відео свідчить про інсценування вакцинації від COVID-19,1,stopfake,43
"ВООЗ визнала, що ПЛР-тест – фальшивка і показує багато хибних результатів",1,stopfake,43
Гендиректор Pfizer «боїться» робити щеплення власною вакциною,1,stopfake,43
«Американські лікарі першої лінії» про марність масок і лжепандемію,1,stopfake,43
Тест на COVID-19 ідентичний одному з покарань Стародавнього Єгипту,1,stopfake,44
У Нідерландах 87 тисяч медсестер відмовилися вакцинуватися від COVID-19,1,stopfake,44
"Медсестра зі США, яка знепритомніла після вакцинації від COVID-19, померла",1,stopfake,44
«Всесвітній альянс лікарів» про пандемію COVID-19,1,stopfake,44
Прокремлівські ЗМІ як засіб маркетингу: просування вакцини «Супутник V» в Латинській Америці,1,stopfake,44
"Мавпи, чипи та геном людини",1,stopfake,44
"Знайдено зв’язок між фармкомпаніями Glaxo, Pfizer, лабораторією в Ухані та Гейтсом",1,stopfake,44
Фейк НТВ: вакцина Pfizer викликає серйозні алергічні реакції і параліч,1,stopfake,44
Ігор Яковенко: Вантажте правду вагонами!,1,stopfake,44
Лікарі в Німеччині відмовляються проводити масову вакцинацію від COVID-19,1,stopfake,44
Локдаун в Україні продовжили до весни,1,stopfake,45
Законопроєкт №4314 перетворив Україну в «полігон для біологічних випробувань»,1,stopfake,45
Вся статистика щодо COVID-19 побудована на фальшивих тестах,1,stopfake,45
Вакцинація викликає у людей рак,1,stopfake,45
"В Аргентині поліцію закидали камінням, протестуючи проти карантину",1,stopfake,45
У тесті на коронавірус знайшли чіп,1,stopfake,45
"Вакцина від AstraZeneca викликає параліч, енцефаліт і запалення спинного мозку",1,stopfake,45
Отримано підтвердження противірусної дії «Протефлазіду» при COVID-19 (оновлено),1,stopfake,45
"Нотатки щодо COVID-19 від російського лікаря, який працює в Китаї",1,stopfake,45
"Маска потрібна тільки тим, хто вже хворий на COVID-19",1,stopfake,45
«Локдаун» – слово з тюремної лексики,1,stopfake,46
Фейк «Вестей»: AstraZeneca попалася на підтасовуванні даних щодо ефективності своєї вакцини від COVID,1,stopfake,46
"Апеляційний суд Португалії визнав ПЛР-тести фейковими, а карантин – незаконним",1,stopfake,46
У Запоріжжі хворі на COVID-19 лежать у коридорах,1,stopfake,46
Цитата Джима Керрі про COVID-19,1,stopfake,46
Полякам планують робити щеплення від коронавірусу примусово,1,stopfake,46
Фотофейк: Іспанська біологиня порівняла зарплатню вченого і футболіста,1,stopfake,46
В Україні вводиться тотальний локдаун,1,stopfake,46
У Франції людей в магазинах обприскують небезпечним для здоров’я розчином,1,stopfake,46
"Книга за 1975 рік доводить, що про COVID-19 знали й раніше",1,stopfake,46
"Люди хворіють не на COVID-19, а на хімічний пневмоніт",1,stopfake,47
Ігор Яковенко: В гостях у казки,1,stopfake,47
«Время»: Росія як виробник вакцин має найбільшу довіру. Насправді в опитуванні лідирують США,1,stopfake,47
В Україні скасували карантин вихідного дня,1,stopfake,47
Фейк РІА «Новости»: Лондон і Зеленський готують кампанію з дезінформації проти Росії,1,stopfake,47
"Утримання і лікування Зеленського обходиться Україні в 2,7 млн гривень за добу",1,stopfake,47
"Фотофейк: Зеленський, який захворів на COVID-19, стоїть без маски поряд із лікарями з Феофанії",1,stopfake,47
Світовий банк знав про пандемію заздалегідь і закуповував «COVID-19 Test kits» у 2017,1,stopfake,47
«Мерзенний план Білла Гейтса» – майбутня вакцинація від COVID-19 буде не лише примусовою,1,stopfake,47
Від коронавірусу захистить змазування носа розчином господарського мила,1,stopfake,47
Інгаляція з содою – спосіб лікування і профілактики коронавірусу,1,stopfake,48
Регулярне вживання води з содою як профілактика коронавірусу,1,stopfake,48
"В Україні вже ввели нову зону – «чорну», хто туди потрапив",1,stopfake,48
Медики протестували сік на COVID-19 і отримали позитивний результат,1,stopfake,48
"Китай переміг «страшну пандемію коронавірусу», якої й не було",1,stopfake,48
"COVID-19 – це «іспанський грип», пандемія викликана «вакцинацією», уколи – «вбивають»",1,stopfake,48
"В Україні почнуть збирати ДНК українців, для цього потрібні були ПЛР-тести",1,stopfake,48
У Німеччині остаточно знайшли ліки від коронавірусу,1,stopfake,48
«Зв’язок очевидний»: п’ять фейків про 5G і коронавірус,1,stopfake,48
"Втрата смаку та нюху при COVID-19 пов’язані не з самим захворюванням, а з",1,stopfake,48
Щеплення від грипу багаторазово підвищує ризик захворювання на коронавірус,1,stopfake,49
Шістка із Sandworm і підроблені мавпячі вакцини,1,stopfake,49
Цибуля і часник вбивають 98% бактерій і можуть вилікувати пневмонію,1,stopfake,49
«Коронавірусне 5G» як «цифрова бабайка» для дорослих,1,stopfake,49
Кисельов у відповідь на звинувачення в поширенні фейків спромігся лише повторити старий фейк про,1,stopfake,49
Уряд України «ухвалив закон» про виплати під час карантину,1,stopfake,49
Для знищення COVID-19 достатньо споживати більше лужної їжі,1,stopfake,49
Українці постраждали від випробування американської вакцини,1,stopfake,49
"Друга хвиля COVID-19 спостерігається тільки в тих країнах, де зараз проходять вибори",1,stopfake,49
Віктор Медведчук захворів на COVID-19,1,stopfake,49
З 1 листопада по 1 березня в Україні буде червона зона,1,stopfake,50
Діагноз COVID-19 придумали цього року – це стресовий стан організму,1,stopfake,50
"Маски не захищають від коронавірусу, – Центр з контролю та профілактики захворювань США",1,stopfake,50
Фейк російських ЗМІ: Україна збирається купувати російську вакцину проти COVID-19 у країн Євросоюзу,1,stopfake,50
Коронавірус можна «вимити» теплою водою і промиванням сіллю,1,stopfake,50
Навіщо Путін «вакцинував» Медведчука?,1,stopfake,50
Фейк «Вестей недели»: в Берліні вперше з часів Другої світової ввели комендантську годину через,1,stopfake,50
У Відні 10 дітей захворіли на грибкову інфекцію легень через носіння маски,1,stopfake,50
"Спільними зусиллями: пандемія Covid-19 показала, як можна успішно боротися з фейками",1,stopfake,50
Канадський професор і головний військовий лікар США виступають проти носіння масок,1,stopfake,50
Окріп безпечно поповнює організм хворого киснем,1,stopfake,51
У слові «коронавірус» виявлено масонський слід,1,stopfake,51
У Німеччині вже троє дітей померли через носіння маски,1,stopfake,51
Із жовтня в українських школах введено карантин,1,stopfake,51
"Літаки розпорошують хімікати по всьому світу, щоб фальсифікувати другу хвилю пандемії COVID-19",1,stopfake,51
"Більшість людей, які захворіли на COVID-19, регулярно носили маски, – дослідження",1,stopfake,51
Інфрачервоні термометри небезпечні для здоров’я,1,stopfake,51
"Українці самі платять за ПЛР-тести, хоча ЄС надав уряду 1,2 млрд € для",1,stopfake,51
У Німеччині через носіння маски померла 13-річна дівчинка,1,stopfake,51
До вакцини від Covid-19 додадуть «наночастинки 666» від Microsoft,1,stopfake,51
Білл Гейтс запропонував уряду Нігерії хабар у 10 мільйонів доларів за примусову вакцинацію,1,stopfake,52
США ввели санкції проти Росії «за розробку вакцини від COVID-19»,1,stopfake,52
В Україні проводиться цифрова трансформація для перетворення країни в колонію,1,stopfake,52
Муаммар Каддафі попереджав про штучне створення вірусів і продаж протиотрут,1,stopfake,52
COVID-19 придумано для «контролю людства»,1,stopfake,52
Альянс ID2020 будує «електронний концтабір» по всьому світу,1,stopfake,52
Тести на COVID-19 можуть нашкодити здоров’ю,1,stopfake,52
"Німецький патологоанатом Клаус Пюшель заявив, що вірусу-вбивці не існує",1,stopfake,52
Використання хірургічних масок призводить до надмірного вдихання CO2 і порушення когнітивних функцій,1,stopfake,52
"Вакцина не убезпечить від нового штаму грипу в Україні, який буде агресивнішим за",1,stopfake,52
ВООЗ назвала шведський досвід боротьби з коронавірусом прикладом для наслідування,1,stopfake,53
Носіння масок знищує імунітет і призводить до гіпоксії плода у вагітних,1,stopfake,53
"У МОЗ щойно зізналися, що вводили обмеження, щоб психологічно впливати на людей",1,stopfake,53
Автор ПЛР-тестів Керрі Мулліс закликав не використовувати їх для виявлення вірусів,1,stopfake,53
"Коронавірус не вбиває, і про це знають лікарі",1,stopfake,53
"Трамп заявив, що журналісти, які не носять масок, беруть участь у світовому протесті",1,stopfake,53
Ревакцинація – комерційний винахід вакцинної індустрії,1,stopfake,53
Київ і Одеса з 24 серпня потрапили до «червоної» зони карантину,1,stopfake,53
У відчайдушній гонитві за вакциною Європа звертається до Росії,1,stopfake,53
Світовий банк продовжив карантин до березня 2025 року,1,stopfake,53
"COVID-19 є фейковою пандемією, – «Лікарі за правду»",1,stopfake,54
"Facebook додав нову функцію, щоб запобігти поширенню COVID-фейків",1,stopfake,54
Росія поширює COVID-фейки про канадських військових у Латвії,1,stopfake,54
Через носіння маски можна заразитися стафілококом,1,stopfake,54
В Італії школярів із симптомами ГРВІ ізолюватимуть без згоди батьків,1,stopfake,54
Україна закупить російську вакцину від COVID-19 через Ізраїль,1,stopfake,54
ВООЗ закликала країни більше не вводити карантин,1,stopfake,54
Фейк «Вестей»: кілька іноземних лідерів збираються зробити щеплення російською вакциною від COVID-19,1,stopfake,54
"Віктор Ляшко визнав маски намордниками, – вони не потрібні",1,stopfake,54
"В Ізраїлі, Німеччині та Нідерландах мільйонні протести проти COVID-19",1,stopfake,54
Світові аферисти хочуть перетворити українців на рабів за допомогою «коронавірусного психозу»,1,stopfake,55
Золотого стандарту для ковід-тестів досі немає,1,stopfake,55
У Німеччині при розтині померлих від COVID-19 не було виявлено ніяких слідів самого,1,stopfake,55
"У тих, хто носить маску і рукавички, з’являється грибок на руках",1,stopfake,55
"Зеленський дозволив масове паломництво хасидів до Умані, незважаючи на COVID-19",1,stopfake,55
Facebook і Twitter видалили пост Трампа про коронавірус,1,stopfake,55
"Німеччину закривають на карантин, який триватиме до наступної весни",1,stopfake,55
На «Нову газету» та її головного редактора склали протоколи з приводу поширення фейків,1,stopfake,55
Удар у не оголошеній війні Кремля. Фальшивки про COVID у великій грі Росії,1,stopfake,55
"Церква – це не те місце, де поширюється коронавірус",1,stopfake,55
Наукова стаття підтверджує зв’язок 5G і Covid-19,1,stopfake,56
"Володарювання в часи «корони», або як сербська влада коронафейки поширювала",1,stopfake,56
Після вакцинації від Covid-19 населення планети скоротиться до 1 мільярда,1,stopfake,56
"Фото маски під мікроскопом доводить, що вона не здатна захистити від вірусу",1,stopfake,56
"ПЛР-тест не здатний відрізнити COVID-19 від застуди, грипу та інших вірусних інфекцій",1,stopfake,56
ВООЗ запропонувала президентові Мадагаскару хабар за ліки від коронавірусу,1,stopfake,56
Усі учасники випробувань вакцини від COVID-19 компанії Moderna мали побічні ефекти,1,stopfake,56
"Відео доводить, що маски викликають гіпоксію",1,stopfake,56
Вже у 2003 році було відомо про коронавірус і чим його лікувати,1,stopfake,56
COVID-19 – це психічне захворювання,1,stopfake,56
Вакцина від Covid-19 не може бути ефективною і має серйозні побічні ефекти,1,stopfake,57
На пересувних лабораторіях для тестування на COVID-19 зображений єгипетський бог смерті Анубіс,1,stopfake,57
У МОЗ Білорусі коронавірус визнали психічним захворюванням,1,stopfake,57
ПЛР-тестування на коронавірус – глобальний обман,1,stopfake,57
"Білл Гейтс сказав, що 700 000 осіб постраждають від нової вакцини проти коронавірусу",1,stopfake,57
Від коронавірусу не померла жодна людина,1,stopfake,57
Хворим на COVID-19 для одужання достатньо дихальної гімнастики,1,stopfake,57
Пандемія коронавірусу – це результат системної корупції в науці та ЗМІ,1,stopfake,57
Проти Фонду Гейтсів і ВООЗ відкрито кримінальну справу в Міжнародному трибуналі з прав,1,stopfake,57
Американці почали випробовувати вакцину від коронавірусу на «ЗСУшниках»,1,stopfake,57
"Олена Малишева розповіла, що Нью-Йорк «паралізований страхом» через COVID-19. Відеосвідчення це не підтверджують",1,stopfake,58
"Медіаспоживання в епоху коронавірусу: довіра до новин, фейки і соціальні платформи",1,stopfake,58
"безсимптомного COVID-19 не існує, влітку маски можна не носити",1,stopfake,58
Маски викликають отруєння СО2 і є токсичними для дітей,1,stopfake,58
Існування секретних лабораторій: схожі наративи,1,stopfake,58
Кримські медіа не надають людям повної інформації про коронавірус (результати моніторингу),1,stopfake,58
COVID-19 – це фальшива глобальна тривога або шлях до тоталітаризму,1,stopfake,58
Капуста здатна вбивати коронавірус,1,stopfake,58
Прогноз учених – від коронавірусу помре 80% людства,1,stopfake,58
Статистика смертності у деяких містах України свідчить про відсутність пандемії і абсурдність карантину,1,stopfake,58
"Безсимптомні носії коронавірусу не можуть заражати інших, отже, носіння масок – абсурд",1,stopfake,59
Через коронавірус ціни на продукти в Україні піднялися на 80%,1,stopfake,59
Кисельов назвав російські ліки проти COVID-19 революцією в медицині. Але це лише дженерик японського,1,stopfake,59
Житель Бердянська управляв 500 проросійськими ботами,1,stopfake,59
"РІА «Новости» процитувало слова німецького вірусолога про те, що «другої хвилі не буде», промовчавши",1,stopfake,59
"Немає жодного наукового дослідження, яке б доводило, що маски захищають від COVID-19",1,stopfake,59
"Мережа 5G вбиває бджіл, дерева і людей",1,stopfake,59
Україна витратила 60 млрд на боротьбу з коронавірусом,1,stopfake,59
"Коронавірус зникне сам, вакцина не потрібна",1,stopfake,59
"«Фреска з Денвера 1994 року» доводить, що COVID-19 був запланованим",1,stopfake,59
"Стріляючи наосліп, може щось і влучить",1,stopfake,60
Університет Гопкінса і фонд Гейтсів давно знали про пандемію Covid-19,1,stopfake,60
Огляд «Коронавірусного абсурду» від американського журналіста,1,stopfake,60
"Американський CDC підтвердив дуже низький рівень смертності від COVID-19 –0,26%",1,stopfake,60
"Смертність в Україні в 2020 році менша, ніж у 2019-му, – коронавірус не",1,stopfake,60
"ВООЗ заробляє на вакцинах, тому наполягає на імунізації",1,stopfake,60
Наввипередки з часом: як Facebook і Twitter боролися з COVID-фейками,1,stopfake,60
Карантин тільки погіршив ситуацію в Україні – інфекціоністка,1,stopfake,60
Ліки від коронавірусу є – це «ВетОкс-1000»,1,stopfake,60
Вакцина від коронавірусу готова і це – найсерйозніша афера,1,stopfake,60
Рокфеллери знали про пандемію коронавірусу заздалегідь,1,stopfake,61
Тривале носіння медичних масок викликає дефіцит кисню в крові,1,stopfake,61
«Агора» знайшла 200 випадків переслідування в Росії за фейки щодо COVID-19,1,stopfake,61
Пандемія фейків: як соціальні мережі намагалися захиститися від COVID-19-паніки,1,stopfake,61
"ВООЗ «несподівано» заявила, що пандемії коронавірусу немає",1,stopfake,61
Білл Гейтс заробить на вакцині від коронавірусу,1,stopfake,61
"Китайські офіційні звіти вихваляють заходи протидії коронавірусу. Критики наполягають, що секретність сприяла смерті багатьох",1,stopfake,61
Фейки «доктора» Леонарда Колдуелла про коронавірус,1,stopfake,61
Касири та продавці не заражаються коронавірусом,1,stopfake,61
"Білл Гейтс програв суд, у США обов’язкової вакцинації не буде",1,stopfake,62
Смертність від коронавірусу мізерно мала,1,stopfake,62
Мальтузіанське «солом’яне опудало»,1,stopfake,62
Відеофейк: Ось таку вакцину з чіпом ви отримаєте,1,stopfake,62
Таємна доповідь щодо коронавірусу: «глобальна фальшива тривога»,1,stopfake,62
"Фейк «Російської газети»: Швеція визнала, що її ліберальна стратегія боротьби з COVID-19 була помилкою",1,stopfake,62
"Фотофейк: Пандемія коронавірусу – обман, для доказів використовують старі світлини",1,stopfake,62
"Схвалюй, та не довіряй. Чому під час пандемії рейтинг Путіна став рекордно низьким",1,stopfake,62
Конспірологічні теорії Кремля обертаються проти нього,1,stopfake,62
"Пік пандемії в Україні буде в жовтні і помре 1,5 мільйона осіб",1,stopfake,62
Світ готують до небезпечної антикоронавірусної вакцинації,1,stopfake,63
Пандемія коронавірусу була запланована Біллом Гейтсом 8 років тому,1,stopfake,63
"Дональд Трамп заявив, що вакцинація – це «шахрайство»",1,stopfake,63
Марихуана здатна блокувати і лікувати COVID-19,1,stopfake,63
«Справжнісіньке маніпулювання людьми»,1,stopfake,63
«Наркотик» адренохром був заражений коронавірусом для всесвітньої спецоперації,1,stopfake,63
"Коронавірус – це бактерія, що призводить до утворення тромбів",1,stopfake,63
Маски і рукавички провокують розвиток бактерій і туберкульозу,1,stopfake,63
Коронавірус можна перемогти без карантину – приклад Білорусі,1,stopfake,63
В Україні поновлять суворий карантин – час готуватися,1,stopfake,63
Білоруський підхід до спалаху коронавірусної інфекції,1,stopfake,64
Небезпечність коронавірусу перебільшено в 20-35 разів,1,stopfake,64
Тест ПЛР не здатний виявити коронавірус,1,stopfake,64
"Перець, УФ-лампи, хлорка, спирт: що ще НЕ захищає і НЕ лікує від коронавірусу?",1,stopfake,64
"Такий само коронавірус, як зараз, вже був у 2003 році",1,stopfake,64
Мільйони італійців протестують проти нового закону про обов’язкову вакцинацію,1,stopfake,64
«Вакцини Гейтса» паралізували дітей в Індії,1,stopfake,64
Вакцина від коронавірусу змінюватиме генетичний код людини,1,stopfake,64
Від експериментальної вакцини проти COVID-19 постраждали 20% добровольців,1,stopfake,64
Фотофейк: в Україні лікарів і чиновників захищають від коронавірусу по-різному,1,stopfake,65
Парламент Італії вимагає заарештувати Білла Гейтса за злочини проти людства,1,stopfake,65
США вигадали COVID-19 для економічної війни з Китаєм,1,stopfake,65
Карантин в Україні триватиме 2 роки,1,stopfake,65
"Вмирають не від коронавірусу, а від тромбозу – допоможе аспірин",1,stopfake,65
Медичні банки захищають і лікують від COVID-19,1,stopfake,65
Рівень летальності COVID-19 є нижчим у 28-55 разів,1,stopfake,65
Фейк посольства РФ у США: NYT підтасувала факти і видалила абзац статті зі статистикою,1,stopfake,65
Отримання вигоди з конспірологічного ажіотажу навколо коронавірусу,1,stopfake,65
Секретні лабораторії і Джордж Сорос: дезінформація щодо COVID-19 у країнах Східного Партнерства,1,stopfake,65
COVID-19: Москва втрачає хватку,1,stopfake,66
Фейк RT: дані щодо кількості смертей від COVID-19 в Нью-Йорку занижено вдвічі,1,stopfake,66
Носіння маски може допомогти коронавірусу проникнути в мозок,1,stopfake,66
«Убита» медсестра з «ДНР» може очолити МОЗ України,1,stopfake,66
"Медична маска – ознака відсутності розуму, її носять тільки раби",1,stopfake,66
Тести на COVID-19 в Україні заражені,1,stopfake,66
Коронавірус не впливає на рівень смертності у Франції,1,stopfake,66
Карантин в Україні – це брехня і абсурд,1,stopfake,66
США понад 30 років проводять махінації з вакцинами,1,stopfake,66
"Швеція відмовилася від боротьби з коронавірусом, оскільки він не загрожує людям",1,stopfake,66
Фейк Дмитра Кисельова: шведська ліберальна стратегія боротьби з епідемією COVID-19 провалилась,1,stopfake,67
Відеофейк: Постановочні сюжети про «страшну пандемію» коронавірусу,1,stopfake,67
"СБУ: виявлено інтернет-агітаторів, які за вказівкою Росії пропагували сепаратизм в Україні",1,stopfake,67
Битва фейків. За що Білорусь позбавила акредитації кореспондента Першого каналу,1,stopfake,67
Ігор Яковенко: Конспірологія і коронавірус,1,stopfake,67
Україна відмовилася від безвізового режиму з ЄС,1,stopfake,67
"Захиститися від коронавірусу можна за допомогою «інтерферону», виготовленого в домашніх умовах",1,stopfake,67
"ті, хто перехворів на вітрянку і кір, мають ступінь захисту від коронавірусу",1,stopfake,67
"Швейцарія, Туреччина, Чехія і Україна «виходять із проекту «коронавірус»",1,stopfake,67
Цифра тижня: 117 мільйонів,1,stopfake,67
"Лавров стверджує, що «Не існує жодного підтвердження» російської дезінформації про коронавірус. Насправді їх чимало",1,stopfake,68
COVID-19: прокремлівські ЗМІ заступилися за Пекін,1,stopfake,68
Чому росіяни не довіряють владі в ситуації з пандемією коронавірусу? Але все ще вірять,1,stopfake,68
За допомогою вдихання парів горілки можна вилікується від коронавірусу за один день,1,stopfake,68
Білл Гейтс розпочав чипування українців,1,stopfake,68
"Нобелівський лауреат із Японії заявив, що коронавірус було створено в Китаї",1,stopfake,68
Медсестри «дякують» Порошенку за браковані захисні халати,1,stopfake,68
"Чергове відео про те, що коронавірус – обман, а в Італії не вмирають",1,stopfake,68
"Фейк російських ЗМІ: США визнали існування секретних біолабораторій в Україні, а потім видалили визнання",1,stopfake,68
"В Італії від коронавірусу померли тільки 3 людей, вакцина не потрібна – фейки",1,stopfake,68
Прокремлівська класика і Білл Гейтс на RT Arabic,1,stopfake,69
Дезінформаційні нападки на стан здоров’я Бориса Джонсона,1,stopfake,69
Оновлення спеціального звіту Європейської служби зовнішніх зв’язків (ЄСЗЗ): короткий огляд наративів і дезінформації щодо,1,stopfake,69
Українські фермери викидають урожай через коронавірус,1,stopfake,69
"Якби не карантин, то епідемія коронавірусу вже давно б закінчилася",1,stopfake,69
Сінгапур «задавив» коронавірус за 20 днів,1,stopfake,69
"Німецькі вчені довели, що коронавірус не “живе” на поверхнях",1,stopfake,69
"Коронавірус – афера, організована Китаєм",1,stopfake,69
"Помер лікар Іван Синсяк, який цілодобово лікував інфікованих коронавірусом пацієнтів",1,stopfake,69
"Російський гумконвой, який їхав до Києво-Печерської лаври, потрапив у ДТП",1,stopfake,69
Київське метро відновить свою роботу 31 травня,1,stopfake,70
ВООЗ визнала самоізоляцію громадян марною в боротьбі з COVID-19,1,stopfake,70
Через карантин і економічний колапс в Україні розпочнеться громадянська війна,1,stopfake,70
"Президент Зеленський показав, як треба дотримуватися карантину",1,stopfake,70
Карантин в Україні продовжено до «21 травня»,1,stopfake,70
Горілка замінює антисептик у дезінфекції проти COVID-19,1,stopfake,70
Чи існують 19 коронавірусів? Поправка твердження радника Трампа,1,stopfake,70
COVID-19 має ознаки біологічної зброї,1,stopfake,70
Фейк «Комсомольской правды» з подачі Бі-Бі-Сі: в збіднілих німецьких зоопарках збираються годувати одних тварин,1,stopfake,70
"МЗС України просить допомоги у Росії, але робить це «завуальовано»",1,stopfake,70
Велика кількість вітаміну C рятує від коронавірусу,1,stopfake,71
ВООЗ завищує статистику про смертність від коронавірусу,1,stopfake,71
Фейк НТВ: як COVID-19 впливає на ситуацію в Україні,1,stopfake,71
Вологий кашель і нежить свідчать про відсутність коронавірусу,1,stopfake,71
"Лукашенко заявив, що в Білорусі від коронавірусу ніхто не помер і не помре. Але",1,stopfake,71
"Фейк «Вестей недели»: коронавірус, що спричинив пандемію, потрапив до Китаю зі США",1,stopfake,71
Рух проти щеплень і прокремлівський опортунізм,1,stopfake,71
Прокремлівські ЗМІ проти Білла Гейтса,1,stopfake,71
"Імбир, кокаїн, 5G і діти-кроти. Пандемія та теорії змови",1,stopfake,71
"Люди, які вилікувалися від COVID-19, не зможуть повернутися до нормального життя",1,stopfake,71
В Україні за допомогу в висадженні картоплі штрафують,1,stopfake,72
"Коронавірус в Україні ще з січня, але офіційні джерела про це мовчали",1,stopfake,72
"Коронавірус менш небезпечний, ніж звичайний грип",1,stopfake,72
Сода з лимоном лікує коронавірус,1,stopfake,72
Коронавірусні поради і рекомендації з лікарні Джонса Хопкінса,1,stopfake,72
"Не було б і щастя, якби не коронавірус. Як Китай використовує епідемію для пропаганди",1,stopfake,72
Спалах COVID-19: «вікно можливостей для атаки на “глибинну державу”»,1,stopfake,72
Пандемія коронавірусу – афера ВООЗ всесвітнього масштабу,1,stopfake,72
Медичну маску можна носити на різні боки,1,stopfake,72
Росіяни пропонують італійцям за 200 євро зняти відео з подякою Росії й Путіну –,1,stopfake,72
COVID-19 можна вилікувати за допомогою озонотерапії,1,stopfake,73
Джерело коронавірусу – вишки технології 5G,1,stopfake,73
Затримка дихання на 10 секунд дає змогу виявити коронавірус,1,stopfake,73
80% пацієнтів з COVID-19 вмирають через підключення до вентиляційних апаратів,1,stopfake,73
США знали про пандемію коронавірусу задовго до її початку,1,stopfake,73
Понад 240 бійців ЗСУ заражені коронавірусом,1,stopfake,73
Коронавірус винайшли китайці? Влітку епідемія закінчиться? Вірус боїться холоду? 7 популярних міфів про Covid-19,1,stopfake,73
"Кисельов заявив, що у США найбідніших жителів не лікують від коронавірусу. Насправді всім малозабезпеченим",1,stopfake,73
"Q.E.D. Повідомлення РІА «Новости» про те, що Бориса Джонсона підключать до ШВЛ, виявилося фейком",1,stopfake,73
У коронавірусу «алергія» на імбир,1,stopfake,73
В Україні поліція вбила хлопця за порушення правил карантину,1,stopfake,74
Дихання гарячою водяною парою вбиває COVID-19,1,stopfake,74
у США заарештували творця коронавірусу,1,stopfake,74
Гарячі напої «вбивають» коронавірус,1,stopfake,74
Кішки переносять коронавірус і здатні заразити людину,1,stopfake,74
Лікарі маріупольської лікарні масово звільнилися через військовослужбовців ЗСУ із підозрою на COVID-19,1,stopfake,74
Фейк Вероніки Скворцової: в Росії створені найчутливіші у світі тести на коронавірус,1,stopfake,74
Дезінформація про коронавірус: стрілянина навмання з надією влучити в ціль,1,stopfake,74
В Африці та Індії коронавірусу не існує,1,stopfake,74
Причина спалаху коронавірусу на Дніпропетровщині – зібрання баптистів,1,stopfake,74
Коронавірус – «наймасштабніший обман» в історії людства,1,stopfake,75
"Чутки про те, ніби США перехоплюють поставки медичних масок у Франції і Німеччини, не",1,stopfake,75
Коронавірус: Бі-Бі-Сі критикує прокремлівські новини з Італії,1,stopfake,75
"Президент Курчатовського інституту і друг Путіна Ковальчук у програмі Соловйова заявив, що COVID-19 створений",1,stopfake,75
COVID-19 позбавляє чоловіків здатності до розмноження,1,stopfake,75
В Україні померла пенсіонерка після штрафу в 17 тисяч гривень,1,stopfake,75
"У Китаї на виробництві витирають ноги масками, що експортуються",1,stopfake,75
"В Україні побили в автобусі пасажира, який кашляв і мав симптоми коронавірусу",1,stopfake,75
Коронавірус «послано згори» як «розплату за Донбас» для України,1,stopfake,75
Зараженого коронавірусом бійця ЗСУ застрелив його командир на Донбасі,1,stopfake,75
Фейк РІА «Новости»: Генсек НАТО оцінив російську допомогу Італії,1,stopfake,76
Фейк Першого каналу: пандемія COVID-19 поставила Євросоюз на межу розколу,1,stopfake,76
На видання «Говорит Магадан» склали протокол про фейк через новину про брак медичних масок,1,stopfake,76
"Звинувачуючи Кремль у дезінформації, ЄС і США приховують провали з пандемією",1,stopfake,76
Держдума РФ прийняла закони про покарання за порушення карантину і брехню про коронавірус,1,stopfake,76
Фейк російських ЗМІ: У Грузії запровадили сухий закон,1,stopfake,76
Дезінформація може вбити,1,stopfake,76
"Фейк російських ЗМІ: У США від COVID-19 помер підліток, якого відмовилися лікувати через відсутність",1,stopfake,76
Фейк НТВ: У Нью-Йорку медики змушені працювати в мішках для сміття замість захисних костюмів,1,stopfake,76
Фейк Марії Захарової: у Британії «обнулили» медичні страховки і проводять тести на COVID-19 тільки,1,stopfake,77
У COVID-19 немає нічого страшного,1,stopfake,77
"Вірусний контент. Пандемія арештів за вигадки, чутки і жарти про пандемію",1,stopfake,77
Sputnik: коронавірус як засіб позбавлення від італійських пенсіонерів?,1,stopfake,77
Вірус пропаганди. Як Кремль поширює фейки про коронавірус і використовує пандемію для скасування санкцій,1,stopfake,77
Фейк «Російської газети»: США відмовляються допомогти потерпілому від COVID-19 Ірану,1,stopfake,77
Спеціальний звіт Європейської Служби Зовнішніх Зв’язків (ЄСЗЗ): дезінформація щодо коронавірусу – короткий огляд інформаційного,1,stopfake,77
«Інформаційний бумеранг повертається назад»,1,stopfake,77
Фейк Дмитра Кисельова: пандемія COVID-19 дала старт розвалу Євросоюзу,1,stopfake,77
"Вірус, який звільнить нас від свободи",1,stopfake,77
У Києві під час карантину ультраправі перевірятимуть транспорт і документи,1,stopfake,78
Наступ на Донбасі буде скасовано через коронавірус,1,stopfake,78
«Біологічна зброя» чи «знищення пенсіонерів»? Теорії змови навколо коронавірусу,1,stopfake,78
"Трави, горілка і сауна: як глави держав дають неефективні поради щодо боротьби з коронавірусом",1,stopfake,78
Фейк Першого каналу: російські вчені першими розшифрували геном COVID-19,1,stopfake,78
Від сигарет до сольового розчину: найбезглуздіші фейки про коронавірус за тиждень,1,stopfake,78
Більшість фейків про коронавірус надходить із Росії – спікер ЄС,1,stopfake,78
Кремль і дезінформація про коронавірус,1,stopfake,78
"12 міфів про COVID-19, яким не треба вірити",1,stopfake,78
Підозрюються всі. Найбожевільніші конспірологічні теорії походження COVID-19,1,stopfake,78
В ПЦУ закликають рятуватися від коронавірусу зигуванням,1,stopfake,79
Дезінформаційна мішанина: катастрофа рейсу MH17 і коронавірус,1,stopfake,79
На Україну через коронавірус чекає продуктовий дефіцит,1,stopfake,79
«Нам підкидають». Навіщо в Росії створюють фейки про коронавіруси,1,stopfake,79
В Україні зафіксовано смертельний коронавірус із Китаю,1,stopfake,79
